SriLanka_creole,phonetic_transcription,phono_TRSVD,phono_CV,Portuguese_definition,Portuguese_IPA,phono_CV_pt,phono_CV_S,phono_CV_pt_S
Aburcé,abuɾseː,V.TVR.SV,V.CVC.CV,aborrecer,ɐ.bu.Rɨ.ˈseɾ,V.CV.CV.CVC,3,4
Aborcido,aboɾsido,V.TVR.SV.TV,V.CVC.CV.CV,aborrecido,ɐ.bu.Rɨ.ˈsi.du,V.CV.CV.CV.CV,4,5
Acá,akaː,V.TV,V.CV,cá,ˈka,CV,2,1
Adiôto,adioːto,V.TV.V.TV,V.CV.V.CV,douto,ˈdow.tu,CVG.CV,4,3
adulteração,adulteɾasaːo,V.TVR.TV.RV.SV.V,V.CVC.CV.CV.CV.V,adultério,ɐ.duɫ.tˈɛ.ɾi.u,V.CVC.CV.CV.V,6,5
Affeçan,afesan,V.TV.SVR,V.CV.CVC,afeição,ɐ.fɐj.ˈsɐ̃w̃,V.CVC.CVG,3,4
Ágô,aːgoː,V.TV,V.CV,água,a.gwɐ,V.CV.V,2,3
Aguá,aguaː,V.TV.V,V.CV.V,voar,ˈvwaɾ,CV.VC,3,2
aguvá,aguʋaː,V.TV.TV,V.CV.CV,voar,ˈvwaɾ,CV.VC,3,2
Albre,albɾe,VR.TRV,VC.CCV,árvore,ˈaɾ.vu.ɾɨ,VC.CV.CV,2,3
àlbri,aːlbɾi,VR.TRV,VC.CCV,árvore,ˈaɾ.vu.ɾɨ,VC.CV.CV,2,3
àlbir,aːlbiɾ,VR.TVR,VC.CVC,árvore,ˈaɾ.vu.ɾɨ,VC.CV.CV,2,3
Alegrado,alegɾado,V.RV.TRV.TV,V.CV.CCV.CV,alegre,ɐ.ˈlɛ.ɡɾɨ,V.CV.CCV,4,3
Alegroso,alegɾozo,V.RV.TRV.SV,V.CV.CCV.CV,alegre,ɐ.ˈlɛ.ɡɾɨ,V.CV.CCV,4,3
Alfada,alfada,VR.TV.TV,VC.CV.CV,almofada,aɫ.mu.ˈfa.dɐ,VC.CV.CV.CV,3,4
allagroso,alagɾozo,V.RV.TRV.SV,V.CV.CCV.CV,alegre,ɐ.ˈlɛ.ɡɾɨ,V.CV.CCV,4,3
allegrioso,alegɾiozo,V.RV.TRV.V.SV,V.CV.CCV.V.CV,alegre,ɐ.ˈlɛ.ɡɾɨ,V.CV.CCV,5,3
allegri,alegɾi,V.RV.TRV,V.CV.CCV,alegria,ɐ.lɨ.ˈɡɾi.ɐ,V.CV.CCV.V,3,4
Alumado,alumado,V.RVRV.TV,V.CVCV.CV,aluado,ɐ.ˈlwa.du,V.CV.V.CV,3,4
Aluminá,aluminaː,V.RVRV.RV,V.CVCV.CV,iluminar,i.lu.mi.ˈnaɾ,V.CV.CV.CVC,3,4
Alvorsà,alʋoɾsaː,VR.TVR.SV,VC.CVC.CV,alvoroçar,aɫ.vu.ɾu.ˈsaɾ,VC.CV.CV.CVC,3,4
alversá,alʋeɾsaː,VR.TVR.SV,VC.CVC.CV,alvoroçar,aɫ.vu.ɾu.ˈsaɾ,VC.CV.CV.CVC,3,4
Alvoroção,alʋoɾosaːo,VR.TV.RV.SV.V,VC.CV.CV.CV.V,alvoroço,aɫ.vu.ˈɾo.su,VC.CV.CV.CV,5,4
alvroço,alʋɾoso,VR.TRV.SV,VC.CCV.CV,alvoroço,aɫ.vu.ˈɾo.su,VC.CV.CV.CV,3,4
Amaroso,amaɾozo,V.RVRV.SV,V.CVCV.CV,amoroso,ɐ.mu.ˈɾo.zu,V.CV.CV.CV,3,4
ameroso,ameɾozo,V.RVRV.SV,V.CVCV.CV,amoroso,ɐ.mu.ˈɾo.zu,V.CV.CV.CV,3,4
amoro,amoɾo,V.RVRV,V.CVCV,amoroso,ɐ.mu.ˈɾo.zu,V.CV.CV.CV,2,4
Amiçan,amisan,V.RV.SVR,V.CV.CVC,ambição,ɐ̃.bi.ˈsɐ̃w̃,V.CV.CVG,3,4
Ampér,ampeːɾ,VR.TVR,VC.CVC,amparo,ɐ̃.ˈpa.ɾu,V.CV.CV,2,3
Anima,anima,V.RVRV,V.CVCV,ânimo,ˈɐ.ni.mu,V.CV.CV,2,3
ancrà,ankɾaː,VR.TRV,VC.CCV,ancorar,ɐ̃.ku.ˈɾaɾ,V.CV.CVC,2,3
Aquél,akeːl,V.TVR,V.CVC,aquilo,ɐ.ˈki.lu,V.CV.CV,2,3
Ásper,aːspeɾ,VS.TVR,VC.CVC,áspero,ˈaʃ.pɨ.ɾu,VC.CV.CV,2,3
Assitanto,asitanto,V.SV.TVR.TV,V.CV.CVC.CV,tanto,ˈtɐ̃.tu,CV.CV,4,2
astanto,astanto,VS.TVR.TV,VC.CVC.CV,tanto,ˈtɐ̃.tu,CV.CV,3,2
Assino,asino,V.SV.RV,V.CV.CV,assinatura,ɐ.si.nɐ.ˈtu.ɾɐ,V.CV.CV.CV.CV,3,5
Assofran,asofɾan,V.SV.TRVR,V.CV.CCVC,açafrão,ɐ.sɐ.ˈfɾɐ̃w̃,V.CV.CCVG,3,4
Atarde,ataɾde,V.TVR.TV,V.CVC.CV,tarde,ˈtaɾ.dɨ,CVC.CV,3,2
Atramento,atɾamento,V.TRV.RVR.TV,V.CCV.CVC.CV,atrevimento,ɐ.tɾɨ.vi.ˈmẽ.tu,V.CCV.CV.CV.CV,4,5
Attermesan,atːeɾmezan,V.TVR.RV.SVR,V.CVC.CV.CVC,altercação,aɫ.tɨɾ.kɐ.ˈsɐ̃w̃,VC.CVC.CV.CVG,4,5
Avantagem,aʋantad̠ʒem,V.TVR.TV.TVR,V.CVC.CV.CVC,vantagem,vɐ̃.ˈta.ʒɐ̃j̃,CV.CV.CVC,4,3
Avoà,aʋoaː,V.TV.V,V.CV.V,voar,ˈvwaɾ,CV.VC,3,2
aziete,aziete,V.SV.V.TV,V.CV.V.CV,azeite,ɐ.ˈzɐj.tɨ,V.CVC.CV,4,3
Baclà,baklaː,TV.TRV,CV.CCV,batalhar,bɐ.tɐ.ˈʎaɾ,CV.CV.CVC,2,3
Bailo,bailo,TV.V.RV,CV.V.CV,baile,ˈbaj.lɨ,CVC.CV,3,2
Batrai,batɾai,TV.TRV.V,CV.CCV.V,bateria,bɐ.tɨ.ˈɾi.ɐ,CV.CV.CV.V,3,4
Bautizá,bautizaː,TVG.TV.SV,CVG.CV.CV,batizar,ba.ti.ˈzaɾ,CV.CV.CVC,4,3
bebrão,bebɾaːo,TV.TRV.V,CV.CCV.V,beberrão,bɨ.bɨ.ˈRɐ̃w̃,CV.CV.CVG,3,4
Bença,bensa,TVR.SV,CVC.CV,bênção,ˈbẽ.swɐ̃w̃,CV.CV.VG,2,4
bencè,benseː,TVR.SV,CVC.CV,bênção,ˈbẽ.swɐ̃w̃,CV.CV.VG,2,4
Beneficaçan,benefikasan,TV.RV.TV.TV.SVR,CV.CV.CV.CV.CVC,benefício,bɨ.nɨ.ˈfi.sju,CV.CV.CV.CCV,5,4
Bénza,beːnza,TVR.SV,CVC.CV,bênção,ˈbẽ.swɐ̃w̃,CV.CV.VG,2,4
bénzè,beːnzeː,TVR.SV,CVC.CV,bênção,ˈbẽ.swɐ̃w̃,CV.CV.VG,2,4
Blasphemoso,blasfemozo,TRVS.TV.RV.SV,CCVC.CV.CV.CV,blasfemo,blɐʃ.ˈfe.mu,CCVC.CV.CV,4,3
Bordiá,boɾdiaː,TVR.TV.V,CVC.CV.V,bordar,buɾ.ˈdaɾ,CVC.CVC,3,2
Borrecido,boresido,TV.RV.SV.TV,CV.CV.CV.CV,aborrecido,ɐ.bu.Rɨ.ˈsi.du,V.CV.CV.CV.CV,4,5
Boutic,boutik,TVG.TV.T,CVG.CV.C,botica,bu.ˈti.kɐ,CV.CV.CV,4,3
Branca,bɾanka,TRVR.TV,CCVC.CV,branquear,bɾɐ̃.ˈki.aɾ,CCV.CV.VC,2,3
Branda,bɾanda,TRVR.TV,CCVC.CV,abrandar,ɐ.bɾɐ̃.ˈdaɾ,V.CCV.CVC,2,3
Brazá,bɾazaː,TRV.SV,CCV.CV,abrasar,ɐ.bɾɐ.ˈzaɾ,V.CCV.CVC,2,3
brimalho,bɾimaʎo,TRV.RVRV,CCV.CVCV,vermelho,vɨɾ.ˈmɐj.ʎu,CVC.CVC.CV,2,3
Burcê,buɾseː,TVR.SV,CVC.CV,aborrecer,ɐ.bu.Rɨ.ˈseɾ,V.CV.CV.CVC,2,4
burçá,buɾsaː,TVR.SV,CVC.CV,aborrecer,ɐ.bu.Rɨ.ˈseɾ,V.CV.CV.CVC,2,4
Caix,kaiʃ,TV.V.T,CV.V.C,caixa,ˈkaj.ʃɐ,CVC.CV,3,2
Càlis,kaːlis,TV.RVS,CV.CVC,cálice,ˈka.li.sɨ,CV.CV.CV,2,3
Cambiador,kambiadoɾ,TVR.TV.V.TVR,CVC.CV.V.CVC,cambista,kɐ̃.ˈbiʃ.tɐ,CV.CVC.CV,4,3
Canàlhi,kanaːʎi,TV.RVRV,CV.CVCV,canalha,kɐ.ˈna.ʎɐ,CV.CV.CV,2,3
Candecera,kandeseɾa,TVR.TV.SV.RV,CVC.CV.CV.CV,candeeiro,kɐ̃.ˈdjɐj.ɾu,CV.CCVC.CV,4,3
can'cera,kanəseɾa,TV.RV.SV.RV,CV.CV.CV.CV,candeeiro,kɐ̃.ˈdjɐj.ɾu,CV.CCVC.CV,4,3
Canto,kanto,TVR.TV,CVC.CV,quanto,ˈkwɐ̃.tu,CV.V.CV,2,3
Caravão,kaɾaʋaːo,TV.RV.TV.V,CV.CV.CV.V,carvão,kɐɾ.ˈvɐ̃w̃,CVC.CVG,4,3
Cargá,kaɾgaː,TVR.TV,CVC.CV,carregar,kɐ.Rɨ.ˈɡaɾ,CV.CV.CVC,2,3
Cargação,kaɾgasaːo,TVR.TV.SV.V,CVC.CV.CV.V,carregamento,kɐ.Rɨ.ɡɐ.ˈmẽ.tu,CV.CV.CV.CV.CV,4,5
caristi,kaɾisti,TV.RVS.TV,CV.CVC.CV,carestia,kɐ.ɾɨʃ.ˈti.ɐ,CV.CVC.CV.V,3,4
Casião,kaziaːo,TV.SV.VV,CV.CV.VV,ocasião,ɔ.kɐ.ˈzjɐ̃w̃,V.CV.CCVG,3,4
Castigação,kastigasaːo,TVS.TV.TV.SV.V,CVC.CV.CV.CV.V,castigo,kɐʃ.ˈti.ɡu,CVC.CV.CV,5,3
Catividade,katiʋidade,TV.TV.TV.TV.TV,CV.CV.CV.CV.CV,cativeiro,kɐ.ti.ˈvɐj.ɾu,CV.CV.CVC.CV,5,4
Catàrr,kataːr,TV.TVR,CV.CVC,catarro,kɐ.ˈta.Ru,CV.CV.CV,2,3
Cavalheria,kaʋaʎeɾia,TV.TV.RVRV.V,CV.CV.CVCV.V,cavalaria,kɐ.vɐ.lɐ.ˈɾi.ɐ,CV.CV.CV.CV.V,4,5
Cavelyéro,kaʋelʲeːɾo,TV.TV.RVRV,CV.CV.CVCV,cavalheiro,kɐ.vɐ.ˈʎɐj.ɾu,CV.CV.CVC.CV,3,4
Cendê,sendeː,SVR.TV,CVC.CV,acender,ɐ.sẽ.ˈdeɾ,V.CV.CVC,2,3
Chape,t̠ʃape,TV.TV,CV.CV,chapéu,ʃɐ.ˈpɛw,CV.CVG,2,3
chiero,t̠ʃieɾo,TV.V.RV,CV.V.CV,cheiro,ˈʃɐj.ɾu,CVC.CV,3,2
chiesto,t̠ʃiesto,TV.VS.TV,CV.VC.CV,cheiro,ˈʃɐj.ɾu,CVC.CV,3,2
Chóma,t̠ʃoːma,TV.RV,CV.CV,chamamento,ʃɐ.mɐ.ˈmẽ.tu,CV.CV.CV.CV,2,4
Cinquo,sinkuo,SVR.TV.V,CVC.CV.V,cinco,ˈsĩ.ku,CVC.CV,3,2
Clar,klaɾ,TRVR,CCVC,claro,ˈkla.ɾu,CCV.CV,1,2
Clarmente,klaɾmente,TRVR.RVR.TV,CCVC.CVC.CV,claramente,kla.ɾɐ.ˈmẽ.tɨ,CCV.CV.CV.CV,3,4
Çoità,sojtaː,SVR.TV,CVC.CV,açoitar,ɐ.soj.ˈtaɾ,V.CVC.CVC,2,3
Colleição,koleisaːo,TV.RVG.SV.V,CV.CVG.CV.V,coleção,ku.lɛ.ˈsɐ̃w̃,CV.CV.CVG,5,4
Combersan,kombeɾsan,TVR.TVR.SVR,CVC.CVC.CVC,conversão,kõ.vɨɾ.ˈsɐ̃w̃,CVC.CVC.CVG,3,4
Comera,komeɾa,TV.RVRV,CV.CVCV,comida,ku.ˈmi.dɐ,CV.CV.CV,2,3
comêrè,komeːɾeː,TV.RVRV,CV.CVCV,comida,ku.ˈmi.dɐ,CV.CV.CV,2,3
comero,komeɾo,TV.RVRV,CV.CVCV,comida,ku.ˈmi.dɐ,CV.CV.CV,2,3
comeira,komeiɾa,TV.RVG.RV,CV.CVG.CV,comida,ku.ˈmi.dɐ,CV.CV.CV,4,3
Comidação,komidasaːo,TV.RV.TV.SV.V,CV.CV.CV.CV.V,convite,kõ.ˈvi.tɨ,CVC.CV.CV,5,3
Comminhão,komiɲaːo,TV.RVRV.V,CV.CVCV.V,comunhão,ku.mu.ˈɲɐ̃w̃,CV.CV.CVG,3,4
Companhamen-to,kompaɲamen to,TVR.TV.RVRVR TV,CVC.CV.CVCVC CV,acompanhamento,ɐ.kõ.pɐ.ɲɐ.ˈmẽ.tu,V.CVC.CV.CV.CV.CV,4,6
companhimento,kompaɲimento,TVR.TV.RVRVR.TV,CVC.CV.CVCVC.CV,acompanhamento,ɐ.kõ.pɐ.ɲɐ.ˈmẽ.tu,V.CVC.CV.CV.CV.CV,4,6
compinhamento,kompiɲamento,TVR.TV.RVRVR.TV,CVC.CV.CVCVC.CV,acompanhamento,ɐ.kõ.pɐ.ɲɐ.ˈmẽ.tu,V.CVC.CV.CV.CV.CV,4,6
Confessão,konfesaːo,TVR.TV.SV.V,CVC.CV.CV.V,confesso,kõ.ˈfɛ.su,CVC.CV.CV,4,3
Contentado,kontentado,TVR.TVR.TV.TV,CVC.CVC.CV.CV,contente,kõ.ˈtẽ.tɨ,CVC.CV.CV,4,3
Contrairo,kontɾaiɾo,TVR.TRV.V.RV,CVC.CCV.V.CV,contrário,kõ.ˈtɾa.ɾju,CVC.CCV.CCV,4,3
Conversão,konʋeɾsaːo,TVR.TVR.SV.V,CVC.CVC.CV.V,conversação,kõ.vɨɾ.sɐ.ˈsɐ̃w̃,CVC.CVC.CV.CVG,4,5
Convertação,konʋeɾtasaːo,TVR.TVR.TV.SV.V,CVC.CVC.CV.CV.V,conversão,kõ.vɨɾ.ˈsɐ̃w̃,CVC.CVC.CVG,5,4
Convidação,konʋidasaːo,TVR.TV.TV.SV.V,CVC.CV.CV.CV.V,convite,kõ.ˈvi.tɨ,CVC.CV.CV,5,3
courajo,kouɾad̠ʒo,TVG.RV.TV,CVG.CV.CV,coragem,ku.ˈɾa.ʒɐ̃j̃,CV.CV.CVC,4,3
Cordà,koɾdaː,TVR.TV,CVC.CV,acordar,ɐ.kuɾ.ˈdaɾ,V.CVC.CVC,2,3
Correição,koreisaːo,TV.RVG.SV.V,CV.CVG.CV.V,correção,ku.Rɛ.ˈsɐ̃w̃,CV.CV.CVG,5,4
Correntè,korenteː,TV.RVR.TV,CV.CVC.CV,quarenta,kwɐ.ˈɾẽ.tɐ,CV.V.CV.CV,3,4
currento,kurento,TV.RVR.TV,CV.CVC.CV,quarenta,kwɐ.ˈɾẽ.tɐ,CV.V.CV.CV,3,4
Corruptido,koruptido,TV.RV.T.TV.TV,CV.CV.C.CV.CV,corrupto,ku.ˈRup.tu,CV.CVC.CV,5,3
Cossér,koseːɾ,TV.SVR,CV.CVC,coceira,ku.ˈsɐj.ɾɐ,CV.CVC.CV,2,3
Crescentà,kɾesentaː,TRV.SVR.TV,CCV.CVC.CV,acrescentar,ɐ.kɾɨʃ.sẽ.ˈtaɾ,V.CCVC.CV.CVC,3,4
criscentá,kɾisentaː,TRV.SVR.TV,CCV.CVC.CV,acrescentar,ɐ.kɾɨʃ.sẽ.ˈtaɾ,V.CCVC.CV.CVC,3,4
Cuidade,kuidade,TV.V.TV.TV,CV.V.CV.CV,cuidado,kuj.ˈda.du,CVC.CV.CV,4,3
cuidação,kuidasaːo,TV.V.TV.SV.V,CV.V.CV.CV.V,cuidado,kuj.ˈda.du,CVC.CV.CV,5,3
cuidança,kuidansa,TV.V.TVR.SV,CV.V.CVC.CV,cuidado,kuj.ˈda.du,CVC.CV.CV,4,3
cuidancè,kuidanseː,TV.V.TVR.SV,CV.V.CVC.CV,cuidado,kuj.ˈda.du,CVC.CV.CV,4,3
Cupá,kupaː,TV.TV,CV.CV,ocupar,ɔ.ku.ˈpaɾ,V.CV.CVC,2,3
Cupação,kupasaːo,TV.TV.SV.V,CV.CV.CV.V,ocupação,ɔ.ku.pɐ.ˈsɐ̃w̃,V.CV.CV.CVG,4,5
Darté,daɾteː,TVR.TV,CVC.CV,derreter,dɨ.Rɨ.ˈteɾ,CV.CV.CVC,2,3
derté,deɾteː,TVR.TV,CVC.CV,derreter,dɨ.Rɨ.ˈteɾ,CV.CV.CVC,2,3
Dedia,dedia,TV.TV.V,CV.CV.V,dia,di.a,CV.V,3,2
Declarão,deklaɾaːo,TV.TRV.RV.V,CV.CCV.CV.V,declaração,dɨ.klɐ.ɾɐ.ˈsɐ̃w̃,CV.CCV.CV.CVG,4,5
Deixa,deiʃa,TVG.TV,CVG.CV,deixar,dɐj.ˈʃaɾ,CVC.CVC,3,2
Demóni,demoːni,TV.RVRV,CV.CVCV,demónio,dɨ.ˈmɔ.nju,CV.CV.CCV,2,3
Descargà,deskaɾgaː,TVS.TVR.TV,CVC.CVC.CV,descarregar,dɨʃ.kɐ.Rɨ.ˈɡaɾ,CVC.CV.CV.CVC,3,4
Descontentado,deskontentado,TVS.TVR.TVR.TV.TV,CVC.CVC.CVC.CV.CV,descontente,dɨʃ.kõ.ˈtẽ.tɨ,CVC.CVC.CV.CV,5,4
Descuidação,deskuidasaːo,TVS.TV.V.TV.SV.V,CVC.CV.V.CV.CV.V,descuido,dɨʃ.ˈkuj.du,CVC.CVC.CV,6,3
descuidancè,deskuidanseː,TVS.TV.V.TVR.SV,CVC.CV.V.CVC.CV,descuido,dɨʃ.ˈkuj.du,CVC.CVC.CV,5,3
Deseijo,dezeid̠ʒo,TV.SVG.TV,CV.CVG.CV,desejo,dɨ.ˈzaj.ʒu,CV.CVC.CV,4,3
Deseijà,dezeid̠ʒaː,TV.SVG.TV,CV.CVG.CV,desejar,dɨ.zɨ.ˈʒaɾ,CV.CV.CVC,4,3
desemprà,dezempɾaː,TV.SVR.TRV,CV.CVC.CCV,desamparar,dɨ.zɐ̃.pɐ.ˈɾaɾ,CV.CV.CV.CVC,3,4
Deshonestade,deʃonestade,TV.TV.RVS.TV.TV,CV.CV.CVC.CV.CV,desonestidade,dɨ.zu.nɨʃ.ti.ˈda.dɨ,CV.CV.CVC.CV.CV.CV,5,6
Desemportado,dezempoɾtado,TV.SVR.TVR.TV.TV,CV.CVC.CVC.CV.CV,negligente,nɨ.ɡli.ˈʒẽ.tɨ,CV.CCV.CV.CV,5,4
Desmasiação,dezmaziasaːo,TVS.RV.SV.V.SV.V,CVC.CV.CV.V.CV.V,demasia,dɨ.mɐ.ˈzi.ɐ,CV.CV.CV.V,6,4
Desproveitoso,despɾoʋeitozo,TVS.TRV.TVG.TV.SV,CVC.CCV.CVG.CV.CV,inútil,i.ˈnu.tiɫ,V.CV.CVC,6,3
destribução,destɾibusaːo,TVS.TRV.TV.SV.V,CVC.CCV.CV.CV.V,distribuição,dɨʃ.tɾi.bwi.ˈsɐ̃w̃,CVC.CCV.CV.V.CVG,5,6
destruivé,destɾuiʋeː,TVS.TRV.V.TV,CVC.CCV.V.CV,destruir,dɨʃ.tɾu.ˈiɾ,CVC.CCV.VC,4,3
destruivição,destɾuiʋisaːo,TVS.TRV.V.TV.SV.V,CVC.CCV.V.CV.CV.V,destruição,dɨʃ.tɾu.i.ˈsɐ̃w̃,CVC.CCV.V.CVG,6,5
Differéncia,difeɾeːnsia,TV.TV.RVR.SV.V,CV.CV.CVC.CV.V,diferença,di.fɨ.ˈɾẽ.sɐ,CV.CV.CV.CV,5,4
Disaccordancè,dizakoɾdanseː,TV.SV.TVR.TVR.SV,CV.CV.CVC.CVC.CV,desacordo,dɨ.zɐ.ˈkoɾ.du,CV.CV.CVC.CV,5,4
Discendé,disendeː,TV.SVR.TV,CV.CVC.CV,descer,dɨʃ.ˈseɾ,CVC.CVC,3,2
Discete,disete,TV.SV.TV,CV.CV.CV,dezassete,dɨ.zɐ.ˈsɛ.tɨ,CV.CV.CV.CV,3,4
Disciplo,disiplo,TV.SV.TRV,CV.CV.CCV,discípulo,dɨʃ.ˈsi.pu.lu,CVC.CV.CV.CV,3,4
Disconfiador,diskonfiadoɾ,TVS.TVR.TV.V.TVR,CVC.CVC.CV.V.CVC,infiel,ĩ.ˈfjɛɫ,VC.CCVC,5,2
Disconfiadeira,diskonfiadeiɾa,TVS.TVR.TV.V.TVG.RV,CVC.CVC.CV.V.CVG.CV,infiel,ĩ.ˈfjɛɫ,VC.CCVC,7,2
Disfiel,disfiel,TVS.TV.VR,CVC.CV.VC,infiel,ĩ.ˈfjɛɫ,VC.CCVC,3,2
disfieldado,disfieldado,TVS.TV.VR.TV.TV,CVC.CV.VC.CV.CV,infiel,ĩ.ˈfjɛɫ,VC.CCVC,5,2
Disfieldade,disfieldade,TVS.TV.VR.TV.TV,CVC.CV.VC.CV.CV,infidelidade,ĩ.fi.dɨ.li.ˈda.dɨ,VC.CV.CV.CV.CV.CV,5,6
Disobedecido,dizobedesido,TV.SV.TV.TV.SV.TV,CV.CV.CV.CV.CV.CV,desobediente,dɨ.zɔ.bɨ.ˈdjẽ.tɨ,CV.CV.CV.CCV.CV,6,5
Disputação,disputasaːo,TVS.TV.TV.SV.V,CVC.CV.CV.CV.V,disputa,diʃ.ˈpu.tɐ,CVC.CV.CV,5,3
dous,dous,TVGS,CVGC,dois,ˈdojʃ,CVCC,2,1
Dozeiro,dozeiɾo,TV.SVG.RV,CV.CVG.CV,segundo,sɨ.ˈɡũ.du,CV.CVC.CV,4,3
douzeiro,douzeiɾo,TVG.SVG.RV,CVG.CVG.CV,segundo,sɨ.ˈɡũ.du,CV.CVC.CV,5,3
Dózimo,doːzimo,TV.SV.RV,CV.CV.CV,duodécimo,du.ɔ.ˈdɛ.si.mu,CV.V.CV.CV.CV,3,5
dreto,dɾeto,TRV.TV,CCV.CV,direito,di.ˈɾɐj.tu,CV.CVC.CV,2,3
Dromiçá,dɾomisaː,TRV.RV.SV,CCV.CV.CV,adormecer,ɐ.duɾ.mɨ.ˈseɾ,V.CVC.CV.CVC,3,4
Dromiçá,dɾomisaː,TRV.RV.SV,CCV.CV.CV,adormecer,ɐ.duɾ.mɨ.ˈseɾ,V.CVC.CV.CVC,3,4
Dromiçá,dɾomisaː,TRV.RV.SV,CCV.CV.CV,adormecer,ɐ.duɾ.mɨ.ˈseɾ,V.CVC.CV.CVC,3,4
Dromiçá,dɾomisaː,TRV.RV.SV,CCV.CV.CV,adormecer,ɐ.duɾ.mɨ.ˈseɾ,V.CVC.CV.CVC,3,4
Durança,duɾansa,TV.RVR.SV,CV.CVC.CV,duração,du.ɾɐ.ˈsɐ̃w̃,CV.CV.CVG,3,4
Duvidade,duʋidade,TV.TV.TV.TV,CV.CV.CV.CV,dúvida,ˈdu.vi.dɐ,CV.CV.CV,4,3
duvidança,duʋidansa,TV.TV.TVR.SV,CV.CV.CVC.CV,dúvida,ˈdu.vi.dɐ,CV.CV.CV,4,3
Egualadomente,egualadomente,V.TV.V.RV.TV.RVR.TV,V.CV.V.CV.CV.CVC.CV,igualmente,i.ɡwaɫ.ˈmẽ.tɨ,V.CV.VC.CV.CV,7,5
emperdor,empeɾdoɾ,VR.TVR.TVR,VC.CVC.CVC,imperador,ĩ.pɨ.ɾɐ.ˈdoɾ,VC.CV.CV.CVC,3,4
Empressado,empɾesado,VR.TRV.SV.TV,VC.CCV.CV.CV,impresso,ĩ.ˈpɾɛ.su,VC.CCV.CV,4,3
Enjoelho,end̠ʒoeʎo,VR.TV.V.RV,VC.CV.V.CV,joelho,ˈʒwɐj.ʎu,CV.VC.CV,4,3
Enluminá,enluminaː,VR.RV.RVRV,VC.CV.CVCV,iluminar,i.lu.mi.ˈnaɾ,V.CV.CV.CVC,3,4
Enteiro,enteiɾo,VR.TVG.RV,VC.CVG.CV,inteiro,ĩ.ˈtɐj.ɾu,VC.CVC.CV,4,3
enveijo,enʋeid̠ʒo,VR.TVG.TV,VC.CVG.CV,inveja,ĩ.ˈvɐj.ʒɐ,VC.CVC.CV,4,3
Envisté,enʋisteː,VR.TVS.TV,VC.CVC.CV,vestir,vɨʃ.ˈtiɾ,CVC.CVC,3,2
Erdávè,eɾdaːʋeː,VR.TV.TV,VC.CV.CV,herdar,eɾ.ˈdaɾ,VC.CVC,3,2
Esperdição,espeɾdisaːo,VS.TVR.TV.SV.V,VC.CVC.CV.CV.V,desperdício,dɨʃ.pɨɾ.ˈdi.sju,CVC.CVC.CV.CCV,5,4
Faltança,faltansa,TVR.TVR.SV,CVC.CVC.CV,falta,ˈfaɫ.tɐ,CVC.CV,3,2
Familha,famiʎa,TV.RVRV,CV.CVCV,família,fɐ.ˈmi.ljɐ,CV.CV.CCV,2,3
familyè,familʲeː,TV.RVRV,CV.CVCV,família,fɐ.ˈmi.ljɐ,CV.CV.CCV,2,3
Faz,fas,TVS,CVC,fácil,ˈfa.siɫ,CV.CVC,1,2
Fazedo,fazedo,TV.SV.TV,CV.CV.CV,feito,ˈfɐj.tu,CVC.CV,3,2
fazido,fazido,TV.SV.TV,CV.CV.CV,feito,ˈfɐj.tu,CVC.CV,3,2
Feirréro,feireːɾo,TVG.RV.RV,CVG.CV.CV,ferreiro,fɨ.ˈRɐj.ɾu,CV.CVC.CV,4,3
Felizamente,felizamente,TV.RV.SV.RVR.TV,CV.CV.CV.CVC.CV,felizmente,fɨ.liʒ.ˈmẽ.tɨ,CV.CVC.CV.CV,5,4
Ferraro,feraɾo,TV.RVRV,CV.CVCV,ferreiro,fɨ.ˈRɐj.ɾu,CV.CVC.CV,2,3
Fieldade,fieldade,TV.VR.TV.TV,CV.VC.CV.CV,fidelidade,fi.dɨ.li.ˈda.dɨ,CV.CV.CV.CV.CV,4,5
Firmidade,fiɾmidade,TVR.RV.TV.TV,CVC.CV.CV.CV,firmeza,fiɾ.ˈme.zɐ,CVC.CV.CV,4,3
Fogà,fogaː,TV.TV,CV.CV,afogar,ɐ.fu.ˈɡaɾ,V.CV.CVC,2,3
Fólga,foːlga,TVR.TV,CVC.CV,fôlego,ˈfo.lɨ.ɡu,CV.CV.CV,2,3
fortéza,foɾteːza,TVR.TV.SV,CVC.CV.CV,fortaleza,fuɾ.tɐ.ˈle.zɐ,CVC.CV.CV.CV,3,4
Fortificação,foɾtifikasaːo,TVR.TV.TV.TV.SV.V,CVC.CV.CV.CV.CV.V,confirmação,kõ.fiɾ.mɐ.ˈsɐ̃w̃,CVC.CVC.CV.CVG,6,5
Frés,fɾeːs,TRVS,CCVC,fresco,ˈfɾeʃ.ku,CCVC.CV,1,2
frez,fɾes,TRVS,CCVC,fresco,ˈfɾeʃ.ku,CCVC.CV,1,2
Fugà,fugaː,TV.TV,CV.CV,afogar,ɐ.fu.ˈɡaɾ,V.CV.CVC,2,3
Fula,fula,TV.RV,CV.CV,flor,ˈfloɾ,CCVC,2,1
fulè,fuleː,TV.RV,CV.CV,flor,ˈfloɾ,CCVC,2,1
Fundéza,fundeːza,TVR.TV.SV,CVC.CV.CV,fundo,ˈfũ.du,CVC.CV,3,2
fundura,funduɾa,TVR.TV.RV,CVC.CV.CV,fundo,ˈfũ.du,CVC.CV,3,2
Furtéza,fuɾteːza,TVR.TV.SV,CVC.CV.CV,furto,ˈfuɾ.tu,CVC.CV,3,2
Gáilo,gaːjlo,TVR.RV,CVC.CV,gaiola,ɡaj.ˈɔ.lɐ,CVC.V.CV,2,3
Gardá,gaɾdaː,TVR.TV,CVC.CV,guardar,ɡwɐɾ.ˈdaɾ,CV.VC.CVC,2,3
Gardecé,gaɾdeseː,TVR.TV.SV,CVC.CV.CV,agradecer,ɐ.ɡɾɐ.dɨ.ˈseɾ,V.CCV.CV.CVC,3,4
gardicê,gaɾdiseː,TVR.TV.SV,CVC.CV.CV,agradecer,ɐ.ɡɾɐ.dɨ.ˈseɾ,V.CCV.CV.CVC,3,4
Gardecimento,gaɾdesimento,TVR.TV.SV.RVR.TV,CVC.CV.CV.CVC.CV,agradecimento,ɐ.ɡɾɐ.dɨ.si.ˈmẽ.tu,V.CCV.CV.CV.CV.CV,5,6
gardicemento,gaɾdisemento,TVR.TV.SV.RVR.TV,CVC.CV.CV.CVC.CV,agradecimento,ɐ.ɡɾɐ.dɨ.si.ˈmẽ.tu,V.CCV.CV.CV.CV.CV,5,6
gardiamento,gaɾdiamento,TVR.TV.V.RVR.TV,CVC.CV.V.CVC.CV,agradecimento,ɐ.ɡɾɐ.dɨ.si.ˈmẽ.tu,V.CCV.CV.CV.CV.CV,5,6
Geresan,d̠ʒeɾezan,TV.RV.SVR,CV.CV.CVC,geração,ʒɨ.ɾɐ.ˈsɐ̃w̃,CV.CV.CVG,3,4
Goldiçà,goldisaː,TVR.TV.SV,CVC.CV.CV,apetecer,ɐ.pɨ.tɨ.ˈseɾ,V.CV.CV.CVC,3,4
Gran,gɾan,TRVR,CCVC,grão,ˈɡɾɐ̃w̃,CCVG,1,2
Greja,gɾed̠ʒa,TRV.TV,CCV.CV,igreja,i.ˈɡɾɐj.ʒɐ,V.CCVC.CV,2,3
Guerrà,geraː,TV.RV,CV.CV,guerrear,ɡɨ.ˈRi.aɾ,CV.CV.VC,2,3
Heridá,eɾidaː,V.RV.TV,V.CV.CV,herdar,eɾ.ˈdaɾ,VC.CVC,3,2
hôjoe,oːd̠ʒoe,V.TV.V,V.CV.V,hoje,ô.je,V.CV,3,2
Home,ome,V.RV,V.CV,homem,ˈɔm,VC,2,1
homi,omi,V.RV,V.CV,homem,ˈɔm,VC,2,1
Idolateiro,idolateiɾo,V.TV.RV.TVG.RV,V.CV.CV.CVG.CV,idólatra,i.ˈdɔ.lɐ.tɾɐ,V.CV.CV.CCV,6,4
idoloteiro,idoloteiɾo,V.TV.RV.TVG.RV,V.CV.CV.CVG.CV,idólatra,i.ˈdɔ.lɐ.tɾɐ,V.CV.CV.CCV,6,4
Impioso,impiozo,VR.TV.V.SV,VC.CV.V.CV,ímpio,ˈĩ.pju,VC.CCV,4,2
Impressado,impɾesado,VR.TRV.SV.TV,VC.CCV.CV.CV,impresso,ĩ.ˈpɾɛ.su,VC.CCV.CV,4,3
Impressador,impɾesadoɾ,VR.TRV.SV.TVR,VC.CCV.CV.CVC,impressor,ĩ.pɾɨ.ˈsoɾ,VC.CCV.CVC,4,3
Impuridade,impuɾidade,VR.TV.RV.TV.TV,VC.CV.CV.CV.CV,impureza,ĩ.pu.ˈɾe.zɐ,VC.CV.CV.CV,5,4
Injoelho,ind̠ʒoeʎo,VR.TV.V.RV,VC.CV.V.CV,joelho,ˈʒwɐj.ʎu,CV.VC.CV,4,3
injivelho,ind̠ʒiʋeʎo,VR.TV.TV.RV,VC.CV.CV.CV,joelho,ˈʒwɐj.ʎu,CV.VC.CV,4,3
injevejo,ind̠ʒeʋed̠ʒo,VR.TV.TV.TV,VC.CV.CV.CV,joelho,ˈʒwɐj.ʎu,CV.VC.CV,4,3
injivejo,ind̠ʒiʋed̠ʒo,VR.TV.TV.TV,VC.CV.CV.CV,joelho,ˈʒwɐj.ʎu,CV.VC.CV,4,3
Instruição,instɾuisaːo,VRS.TRV.V.SV.V,VCC.CCV.V.CV.V,instrução,ĩʃ.tɾu.ˈsɐ̃w̃,VCC.CCV.CVG,5,4
Inveijo,inʋeid̠ʒo,VR.TVG.TV,VC.CVG.CV,inveja,ĩ.ˈvɐj.ʒɐ,VC.CVC.CV,4,3
Irmana,iɾmana,VR.RV.RV,VC.CV.CV,irmã,iɾ.ˈmɐ̃,VC.CV,3,2
javitem,d̠ʒaʋitem,TV.TV.TVR,CV.CV.CVC,veio,ˈvɐj.u,CVC.V,3,2
Jinjúa,d̠ʒind̠ʒuːa,TVR.TV.V,CVC.CV.V,jejum,ʒɨ.ˈʒũ,CV.CVC,3,2
jinúa,d̠ʒinuːa,TV.RV.V,CV.CV.V,jejum,ʒɨ.ˈʒũ,CV.CVC,3,2
jinjunação,d̠ʒind̠ʒunasaːo,TVR.TV.RV.SV.V,CVC.CV.CV.CV.V,jejum,ʒɨ.ˈʒũ,CV.CVC,5,2
Judá,d̠ʒudaː,TV.TV,CV.CV,ajuda,ɐ.ˈʒu.dɐ,V.CV.CV,2,3
judè,d̠ʒudeː,TV.TV,CV.CV,ajuda,ɐ.ˈʒu.dɐ,V.CV.CV,2,3
Juntação,d̠ʒuntasaːo,TVR.TV.SV.V,CVC.CV.CV.V,ajuntamento,ɐ.ʒũ.tɐ.ˈmẽ.tu,V.CVC.CV.CV.CV,4,5
Junto-servidor,d̠ʒunto seɾʋidoɾ,TVR.TV SVR.TV.TVR,CVC.CV CVC.CV.CVC,colega,ku.ˈlɛ.ɡɐ,CV.CV.CV,5,3
Justá,d̠ʒustaː,TVS.TV,CVC.CV,ajustar,ɐ.ʒuʃ.ˈtaɾ,V.CVC.CVC,2,3
Justicia,d̠ʒustisia,TVS.TV.SV.V,CVC.CV.CV.V,justiça,ʒuʃ.ˈti.sɐ,CVC.CV.CV,4,3
Kokeira,kokeiɾa,TV.TVG.RV,CV.CVG.CV,coqueiro,ko.ˈkɐj.ɾu,CV.CVC.CV,4,3
Ladinha,ladiɲa,RV.TV.RV,CV.CV.CV,ladainha,lɐ.dɐ.ˈi.ɲɐ,CV.CV.V.CV,3,4
Lagárè,lagaːɾeː,RV.TV.RV,CV.CV.CV,lugar,lu.ˈɡaɾ,CV.CVC,3,2
Lágri,laːgɾi,RV.TRV,CV.CCV,lágrima,ˈla.ɡɾi.mɐ,CV.CCV.CV,2,3
láguir,laːgiɾ,RV.TVR,CV.CVC,lágrima,ˈla.ɡɾi.mɐ,CV.CCV.CV,2,3
Lampo,lampo,RVR.TV,CVC.CV,lâmpada,ˈlɐ̃.pɐ.dɐ,CV.CV.CV,2,3
Lantá,lantaː,RVR.TV,CVC.CV,levantar,lɨ.vɐ̃.ˈtaɾ,CV.CV.CVC,2,3
Lego,lego,RV.TV,CV.CV,légua,ˈlɛ.ɡwɐ,CV.CV.V,2,3
leagou,leagou,RV.V.TVG,CV.V.CVG,légua,ˈlɛ.ɡwɐ,CV.CV.V,4,3
Lés,leːs,RVS,CVC,lição,li.ˈsɐ̃w̃,CV.CVG,1,3
Lés,leːs,RVS,CVC,lição,li.ˈsɐ̃w̃,CV.CVG,1,3
leis,leis,RVGS,CVGC,ler,ˈleɾ,CVC,2,1
Levadura,leʋaduɾa,RV.TV.TV.RV,CV.CV.CV.CV,fermento,fɨɾ.ˈmẽ.tu,CVC.CV.CV,4,3
Lingo,lingo,RVR.TV,CVC.CV,língua,ˈlĩ.ɡwɐ,CVC.CV.V,2,3
Livrança,liʋɾansa,RV.TRVR.SV,CV.CCVC.CV,libertação,li.bɨɾ.tɐ.ˈsɐ̃w̃,CV.CVC.CV.CVG,3,5
livrancè,liʋɾanseː,RV.TRVR.SV,CV.CCVC.CV,libertação,li.bɨɾ.tɐ.ˈsɐ̃w̃,CV.CVC.CV.CVG,3,5
livração,liʋɾasaːo,RV.TRV.SV.V,CV.CCV.CV.V,libertação,li.bɨɾ.tɐ.ˈsɐ̃w̃,CV.CVC.CV.CVG,4,5
Ló,loː,RV,CV,logo,ˈlɔ.ɡu,CV.CV,1,2
Lovà,loʋaː,RV.TV,CV.CV,louvar,low.ˈvaɾ,CVG.CVC,2,3
Lugàra,lugaːɾa,RV.TV.RV,CV.CV.CV,lugar,lu.ˈɡaɾ,CV.CVC,3,2
Iugàrè,iugaːɾeː,V.V.TV.RV,V.V.CV.CV,lugar,lu.ˈɡaɾ,CV.CVC,4,2
Iugària,iugaːɾia,V.V.TV.RV.V,V.V.CV.CV.V,lugar,lu.ˈɡaɾ,CV.CVC,5,2
Lumado,lumado,RV.RV.TV,CV.CV.CV,aluado,ɐ.ˈlwa.du,V.CV.V.CV,3,4
Mai,mai,RV.V,CV.V,mãe,ˈmɐ̃j̃,CVC,2,1
Malino,malino,RV.RVRV,CV.CVCV,maligno,mɐ.ˈli.ɡnu,CV.CV.CCV,2,3
Manhão,maɲaːo,RV.RV.V,CV.CV.V,manhã,mɐ.ˈɲɐ̃,CV.CV,3,2
Manhecé,maɲeseː,RV.RV.SV,CV.CV.CV,amanhecer,ɐ.mɐ.ɲɨ.ˈseɾ,V.CV.CV.CVC,3,4
manecê,maneseː,RV.RV.SV,CV.CV.CV,amanhecer,ɐ.mɐ.ɲɨ.ˈseɾ,V.CV.CV.CVC,3,4
marè,maɾeː,RV.RV,CV.CV,mar,ˈmaɾ,CVC,2,1
Marello,maɾelo,RV.RVRV,CV.CVCV,amarelo,ɐ.mɐ.ˈɾɛ.lu,V.CV.CV.CV,2,4
Marga,maɾga,RVR.TV,CVC.CV,amargo,ɐ.ˈmaɾ.ɡu,V.CVC.CV,2,3
Margôra,maɾgoːɾa,RVR.TV.RV,CVC.CV.CV,amargura,ɐ.mɐɾ.ˈɡu.ɾɐ,V.CVC.CV.CV,3,4
Mármor,maːɾmoɾ,RVR.RVR,CVC.CVC,mármore,ˈmaɾ.mu.ɾɨ,CVC.CV.CV,2,3
màrmar,maːɾmaɾ,RVR.RVR,CVC.CVC,mármore,ˈmaɾ.mu.ɾɨ,CVC.CV.CV,2,3
martél,maɾteːl,RVR.TVR,CVC.CVC,martelo,mɐɾ.ˈtɛ.lu,CVC.CV.CV,2,3
Marvioso,maɾʋiozo,RVR.TV.V.SV,CVC.CV.V.CV,maravilhoso,mɐ.ɾɐ.vi.ˈʎo.zu,CV.CV.CV.CV.CV,4,5
matança,matansa,RV.TVR.SV,CV.CVC.CV,homicídio,u.mi.ˈsi.dju,V.CV.CV.CCV,3,4
Meido,meido,RVG.TV,CVG.CV,medo,ˈme.du,CV.CV,3,2
Mellifluoso,melifluozo,RV.RV.TRV.V.SV,CV.CV.CCV.V.CV,melífluo,mɨ.li.ˈflwu,CV.CV.CCV.V,5,4
Mercê,meɾseː,RVR.SV,CVC.CV,merecer,mɨ.ɾɨ.ˈseɾ,CV.CV.CVC,2,3
Meritória,meɾitoːɾia,RV.RV.TV.RV.V,CV.CV.CV.CV.V,mérito,ˈmɛ.ɾi.tu,CV.CV.CV,5,3
Messá,mesaː,RV.SV,CV.CV,ameaçar,ɐ.mjɐ.ˈsaɾ,V.CCV.CVC,2,3
Militàrio,militaːɾio,RV.RV.TV.RV.V,CV.CV.CV.CV.V,militar,mɨ.li.ˈtaɾ,CV.CV.CVC,5,3
Mimôri,mimoːɾi,RV.RVRV,CV.CVCV,memória,mɨ.ˈmɔ.ɾjɐ,CV.CV.CCV,2,3
Ministeiro,ministeiɾo,RV.RVS.TVG.RV,CV.CVC.CVG.CV,ministério,mɨ.niʃ.ˈtɛ.ɾju,CV.CVC.CV.CCV,5,4
Ministração,ministɾasaːo,RV.RVS.TRV.SV.V,CV.CVC.CCV.CV.V,ministério,mɨ.niʃ.ˈtɛ.ɾju,CV.CVC.CV.CCV,5,4
Minteira,minteiɾa,RVR.TVG.RV,CVC.CVG.CV,mentira,mẽ.ˈti.ɾɐ,CV.CV.CV,4,3
misravel,mizɾaʋel,RVS.RV.TVR,CVC.CV.CVC,miserável,mi.zɨ.ˈɾa.vɛɫ,CV.CV.CV.CVC,3,4
Mistrá,mistɾaː,RVS.TRV,CVC.CCV,misturar,miʃ.tu.ˈɾaɾ,CVC.CV.CVC,2,3
Moito,mojto,RVR.TV,CVC.CV,muito,ˈmwĩ.tu,CV.VC.CV,2,3
Mortià,moɾtiaː,RVR.TV.V,CVC.CV.V,amortalhar,ɐ.muɾ.tɐ.ˈʎaɾ,V.CVC.CV.CVC,3,4
Mourdé,mouɾdeː,RVGR.TV,CVGC.CV,morder,muɾ.ˈdeɾ,CVC.CVC,3,2
mudação,mudasaːo,RV.TV.SV.V,CV.CV.CV.V,mudança,mu.ˈdɐ̃.sɐ,CV.CV.CV,4,3
Mystéria,misteːɾia,RVS.TV.RV.V,CVC.CV.CV.V,mistério,miʃ.ˈtɛ.ɾju,CVC.CV.CCV,4,3
Nan,,RVR,CVC,não,ˈnɐ̃w̃,CVG,1,2
Necestade,nesestade,RV.SVS.TV.TV,CV.CVC.CV.CV,necessidade,nɨ.sɨ.si.ˈda.dɨ,CV.CV.CV.CV.CV,4,5
Negócia,negoːsia,RV.TV.SV.V,CV.CV.CV.V,negócio,nɨ.ˈɡɔ.sju,CV.CV.CCV,4,3
Nistá,nistaː,RVS.TV,CVC.CV,necessitar,nɨ.sɨ.si.ˈtaɾ,CV.CV.CV.CVC,2,4
Nistade,nistade,RVS.TV.TV,CVC.CV.CV,necessidade,nɨ.sɨ.si.ˈda.dɨ,CV.CV.CV.CV.CV,3,5
nuó,nuoː,RV.V,CV.V,nu,ˈnu,CV,2,1
Nocente,nosente,RV.SVR.TV,CV.CVC.CV,inocente,i.nu.ˈsẽ.tɨ,V.CV.CV.CV,3,4
nocenti,nosenti,RV.SVR.TV,CV.CVC.CV,inocente,i.nu.ˈsẽ.tɨ,V.CV.CV.CV,3,4
Nóvis,noːʋis,RV.TVS,CV.CVC,nuvem,ˈnu.vɐ.ɐ̃j̃,CV.CV.VC,2,3
Num,num,RVR,CVC,não,ˈnɐ̃w̃,CVG,1,2
nun,nun,RVR,CVC,não,ˈnɐ̃w̃,CVG,1,2
Nuvè,nuʋeː,RV.TV,CV.CV,nuvem,ˈnu.vɐ.ɐ̃j̃,CV.CV.VC,2,3
Ô,oː,V,V,ou,ow,VG,1,2
Obração,obɾasaːo,V.TRV.SV.V,V.CCV.CV.V,operação,ɔ.pɨ.ɾɐ.ˈsɐ̃w̃,V.CV.CV.CVG,4,5
Obrigacè,obɾigaseː,V.TRV.TV.SV,V.CCV.CV.CV,obrigação,ɔ.bɾi.ɡɐ.ˈsɐ̃w̃,V.CCV.CV.CVG,4,5
Ódia,oːdia,V.TV.V,V.CV.V,ódio,ˈɔ.dju,V.CCV,3,2
Offercé,ofeɾseː,V.TVR.SV,V.CVC.CV,oferecer,ɔ.fɨ.ɾɨ.ˈseɾ,V.CV.CV.CVC,3,4
Offercimento,ofeɾsimento,V.TVR.SV.RVR.TV,V.CVC.CV.CVC.CV,oferta,ɔ.ˈfɛɾ.tɐ,V.CVC.CV,5,3
offeração,ofeɾasaːo,V.TV.RV.SV.V,V.CV.CV.CV.V,oferta,ɔ.ˈfɛɾ.tɐ,V.CVC.CV,5,3
Oratória,oɾatoːɾia,V.RV.TV.RV.V,V.CV.CV.CV.V,oratório,ɔ.ɾɐ.ˈtɔ.ɾju,V.CV.CV.CCV,5,4
Ortelão,oɾtelaːo,VR.TV.RV.V,VC.CV.CV.V,hortelã,ɔɾ.tɨ.ˈlɐ̃,VC.CV.CV,4,3
oravai,oɾaʋai,V.RV.TV.V,V.CV.CV.V,orvalho,ɔɾ.ˈva.ʎu,VC.CV.CV,4,3
Otro,otɾo,V.TRV,V.CCV,outro,ˈow.tɾu,VG.CCV,2,3
Oura,ouɾa,VG.RV,VG.CV,ouro,o.ɾu,V.CV,3,2
ovido,oʋido,V.TV.TV,V.CV.CV,ouvido,ow.ˈvi.du,VG.CV.CV,3,4
ovida,oʋida,V.TV.TV,V.CV.CV,ouvido,ow.ˈvi.du,VG.CV.CV,3,4
padas,padas,TV.TVS,CV.CVC,pedaço,pɨ.ˈda.su,CV.CV.CV,2,3
padaz,padas,TV.TVS,CV.CVC,pedaço,pɨ.ˈda.su,CV.CV.CV,2,3
pàlver,paːlʋeɾ,TVR.TVR,CVC.CVC,palavra,pɐ.ˈla.vɾɐ,CV.CV.CCV,2,3
pàlvra,paːlʋɾa,TVR.TRV,CVC.CCV,palavra,pɐ.ˈla.vɾɐ,CV.CV.CCV,2,3
Pamperlão,pampeɾlaːo,TVR.TVR.RV.V,CVC.CVC.CV.V,altivo,aɫ.ˈti.vu,VC.CV.CV,4,3
Pan,pan,TVR,CVC,pão,ˈpɐ̃w̃,CVG,1,2
Panhà,paɲaː,TV.RV,CV.CV,apanhar,ɐ.pɐ.ˈɲaɾ,V.CV.CVC,2,3
Papiá,papiaː,TV.TV.V,CV.CV.V,falar,fɐ.ˈlaɾ,CV.CVC,3,2
Par,paɾ,TVR,CVC,para,ˈpɐ.ɾɐ,CV.CV,1,2
Paridura,paɾiduɾa,TV.RV.TV.RV,CV.CV.CV.CV,parto,ˈpaɾ.tu,CVC.CV,4,2
Pàrtei,paːɾtei,TVR.TVG,CVC.CVG,parte,ˈpaɾ.tɨ,CVC.CV,3,2
Pascencia,pasensia,TV.SVR.SV.V,CV.CVC.CV.V,paciência,pɐ.ˈsjẽ.sjɐ,CV.CCV.CCV,4,3
Pastempo,pastempo,TVS.TVR.TV,CVC.CVC.CV,passatempo,pa.sɐ.ˈtẽ.pu,CV.CV.CV.CV,3,4
Pateca,pateka,TV.TV.TV,CV.CV.CV,melancia,mɨ.lɐ̃.ˈsi.ɐ,CV.CV.CV.V,3,4
Pavi,paʋi,TV.TV,CV.CV,pavio,pɐ.ˈvi.u,CV.CV.V,2,3
Pedrejà,pedɾed̠ʒaː,TV.TRV.TV,CV.CCV.CV,apedrejar,ɐ.pɨ.dɾɨ.ˈʒaɾ,V.CV.CCV.CVC,3,4
pedreyà,pedɾejaː,TV.TRV.RV,CV.CCV.CV,apedrejar,ɐ.pɨ.dɾɨ.ˈʒaɾ,V.CV.CCV.CVC,3,4
pedriá,pedɾiaː,TV.TRV.V,CV.CCV.V,apedrejar,ɐ.pɨ.dɾɨ.ˈʒaɾ,V.CV.CCV.CVC,3,4
Pei,pei,TVG,CVG,pé,ˈpɛ,CV,2,1
Pelo,pelo,TV.RV,CV.CV,por,puɾ,CVC,2,1
Pelour,pelouɾ,TV.RVGR,CV.CVGC,pelouro,pɨ.ˈlow.ɾu,CV.CVG.CV,3,4
Penerá,peneɾaː,TV.RVRV,CV.CVCV,peneirar,pɨ.nɐj.ˈɾaɾ,CV.CVC.CVC,2,3
Perfeitado,peɾfeitado,TVR.TVG.TV.TV,CVC.CVG.CV.CV,perfeito,pɨɾ.ˈfɐj.tu,CVC.CVC.CV,5,3
Perla,peɾla,TVR.RV,CVC.CV,pérola,ˈpɛ.ɾu.lɐ,CV.CV.CV,2,3
Perseguaição,peɾseguaisaːo,TVR.SV.TV.VG.SV.V,CVC.CV.CV.VG.CV.V,perseguição,pɨɾ.sɨ.ɡi.ˈsɐ̃w̃,CVC.CV.CV.CVG,7,5
Persuaidir,peɾsuaidiɾ,TVR.SV.VG.TVR,CVC.CV.VG.CVC,persuadir,pɨɾ.swɐ.ˈdiɾ,CVC.CV.V.CVC,5,4
pessan,pesan,TV.SVR,CV.CVC,pessoa,pɨ.ˈso.ɐ,CV.CV.V,2,3
Péstia,peːstia,TVS.TV.V,CVC.CV.V,peste,ˈpɛʃ.tɨ,CVC.CV,3,2
Piadade,piadade,TV.V.TV.TV,CV.V.CV.CV,piedade,pjɛ.ˈda.dɨ,CCV.CV.CV,4,3
Piadoso,piadozo,TV.V.TV.SV,CV.V.CV.CV,piedoso,pjɛ.ˈdo.zu,CCV.CV.CV,4,3
Pindrado,pindɾado,TVR.TRV.TV,CVC.CCV.CV,pendurado,pẽ.du.ˈɾa.du,CV.CV.CV.CV,3,4
Piscôs,piskoːs,TVS.TVS,CVC.CVC,pescoço,pɨʃ.ˈko.su,CVC.CV.CV,2,3
Plan,plan,TRVR,CCVC,plano,ˈplɐ.nu,CCV.CV,1,2
Póco,poːko,TV.TV,CV.CV,pouco,ˈpow.ku,CVG.CV,2,3
Podéra,podeːɾa,TV.TV.RV,CV.CV.CV,poder,pu.ˈdeɾ,CV.CVC,3,2
Pódeser,poːdezeɾ,TV.TV.SVR,CV.CV.CVC,talvez,taɫ.ˈveʃ,CVC.CVC,3,2
pódiser,poːdizeɾ,TV.TV.SVR,CV.CV.CVC,talvez,taɫ.ˈveʃ,CVC.CVC,3,2
poi,poj,TVR,CVC,poder,pu.ˈdeɾ,CV.CVC,1,2
pos-suibé,pos suibeː,TVS SV.V.TV,CVC CV.V.CV,possuir,pu.ˈswiɾ,CV.CV.VC,4,3
Póssia,poːsia,TV.SV.V,CV.CV.V,posse,ˈpɔ.sɨ,CV.CV,3,2
Pouches,pout̠ʃes,TVG.TVS,CVG.CVC,troca,ˈtɾɔ.kɐ,CCV.CV,3,2
póuchis,poːut̠ʃis,TV.V.TVS,CV.V.CVC,troca,ˈtɾɔ.kɐ,CCV.CV,3,2
Povoção,poʋosaːo,TV.TV.SV.V,CV.CV.CV.V,povoação,pu.vwɐ.ˈsɐ̃w̃,CV.CV.V.CVG,4,5
povesan,poʋezan,TV.TV.SVR,CV.CV.CVC,povoação,pu.vwɐ.ˈsɐ̃w̃,CV.CV.V.CVG,3,5
Prazero,pɾazeɾo,TRV.SV.RV,CCV.CV.CV,prazer,pɾɐ.ˈzeɾ,CCV.CVC,3,2
prazeiro,pɾazeiɾo,TRV.SVG.RV,CCV.CVG.CV,prazer,pɾɐ.ˈzeɾ,CCV.CVC,4,2
Prendé,pɾendeː,TRVR.TV,CCVC.CV,aprender,ɐ.pɾẽ.ˈdeɾ,V.CCV.CVC,2,3
prendá,pɾendaː,TRVR.TV,CCVC.CV,aprender,ɐ.pɾẽ.ˈdeɾ,V.CCV.CVC,2,3
prendá,pɾendaː,TRVR.TV,CCVC.CV,instrução,ĩʃ.tɾu.ˈsɐ̃w̃,VCC.CCV.CVG,2,4
prendá,pɾendaː,TRVR.TV,CCVC.CV,aprender,ɐ.pɾẽ.ˈdeɾ,V.CCV.CVC,2,3
prendá,pɾendaː,TRVR.TV,CCVC.CV,instrução,ĩʃ.tɾu.ˈsɐ̃w̃,VCC.CCV.CVG,2,4
prandé,pɾandeː,TRVR.TV,CCVC.CV,aprender,ɐ.pɾẽ.ˈdeɾ,V.CCV.CVC,2,3
Prendo,pɾendo,TRVR.TV,CCVC.CV,instrução,ĩʃ.tɾu.ˈsɐ̃w̃,VCC.CCV.CVG,2,4
Prénha,pɾeːɲa,TRV.RV,CCV.CV,grávida,ˈɡɾa.vi.dɐ,CCV.CV.CV,2,3
prenhe,pɾeɲe,TRV.RV,CCV.CV,grávida,ˈɡɾa.vi.dɐ,CCV.CV.CV,2,3
Prensa,pɾensa,TRVR.SV,CCVC.CV,imprensa,ĩ.ˈpɾẽ.sɐ,VC.CCV.CV,2,3
prenso,pɾenso,TRVR.SV,CCVC.CV,imprensa,ĩ.ˈpɾẽ.sɐ,VC.CCV.CV,2,3
Preso-casa,pɾezo kaza,TRV.SV TV.SV,CCV.CV CV.CV,prisão,pɾi.ˈzɐ̃w̃,CCV.CVG,4,3
Preséncia,pɾezeːnsia,TRV.SVR.SV.V,CCV.CVC.CV.V,presença,pɾɨ.ˈzẽ.sɐ,CCV.CV.CV,4,3
Principalidado,pɾinsipalidado,TRVR.SV.TV.RV.TV.TV,CCVC.CV.CV.CV.CV.CV,principado,pɾĩ.si.ˈpa.du,CCVC.CV.CV.CV,6,4
Prinspo,pɾinspo,TRVRS.TV,CCVCC.CV,príncipe,ˈpɾĩ.sɨ.pɨ,CCVC.CV.CV,2,3
prenspo,pɾenspo,TRVRS.TV,CCVCC.CV,príncipe,ˈpɾĩ.sɨ.pɨ,CCVC.CV.CV,2,3
Privilézia,pɾiʋileːzia,TRV.TV.RV.SV.V,CCV.CV.CV.CV.V,privilégio,pɾi.vi.ˈlɛ.ʒju,CCV.CV.CV.CCV,5,4
Profundura,pɾofunduɾa,TRV.TVR.TV.RV,CCV.CVC.CV.CV,profundidade,pɾu.fũ.di.ˈda.dɨ,CCV.CVC.CV.CV.CV,4,5
prosmo,pɾozmo,TRVS.RV,CCVC.CV,próximo,ˈpɾɔ.si.mu,CCV.CV.CV,2,3
prósmi,pɾoːzmi,TRVS.RV,CCVC.CV,próximo,ˈpɾɔ.si.mu,CCV.CV.CV,2,3
prunta,pɾunta,TRVR.TV,CCVC.CV,pergunta,pɨɾ.ˈɡũ.tɐ,CVC.CVC.CV,2,3
pruntè,pɾunteː,TRVR.TV,CCVC.CV,pergunta,pɨɾ.ˈɡũ.tɐ,CVC.CVC.CV,2,3
prunto,pɾunto,TRVR.TV,CCVC.CV,pergunta,pɨɾ.ˈɡũ.tɐ,CVC.CVC.CV,2,3
prouvá,pɾouʋaː,TRVG.TV,CCVG.CV,provar,pɾu.ˈvaɾ,CCV.CVC,3,2
Quártrimo,kuaːɾtɾimo,TV.VR.TRV.RV,CV.VC.CCV.CV,quarto,ˈkwaɾ.tu,CV.VC.CV,4,3
quinha,kiɲa,TV.RV,CV.CV,quinhão,ki.ˈɲɐ̃w̃,CV.CVG,2,3
Querendomente,keɾendomente,TV.RVR.TV.RVR.TV,CV.CVC.CV.CVC.CV,voluntariamente,vu.lũ.ta.ɾjɐ.ˈmẽ.tɨ,CV.CVC.CV.CCV.CV.CV,5,6
querandomente,keɾandomente,TV.RVR.TV.RVR.TV,CV.CVC.CV.CVC.CV,voluntariamente,vu.lũ.ta.ɾjɐ.ˈmẽ.tɨ,CV.CVC.CV.CCV.CV.CV,5,6
queria,keɾia,TV.RV.V,CV.CV.V,querer,kɨ.ˈɾeɾ,CV.CVC,3,2
querria,keria,TV.RV.V,CV.CV.V,querer,kɨ.ˈɾeɾ,CV.CVC,3,2
Quessador,kesadoɾ,TV.SV.TVR,CV.CV.CVC,acusador,ɐ.ku.zɐ.ˈdoɾ,V.CV.CV.CVC,3,4
Rancá,rankaː,RVR.TV,CVC.CV,arrancar,ɐ.Rɐ̃.ˈkaɾ,V.CV.CVC,2,3
ranchá,rant̠ʃaː,RVR.TV,CVC.CV,arrancar,ɐ.Rɐ̃.ˈkaɾ,V.CV.CVC,2,3
Rastá,rastaː,RVS.TV,CVC.CV,arrastar,ɐ.Rɐʃ.ˈtaɾ,V.CVC.CVC,2,3
Rebelloso,rebelozo,RV.TV.RV.SV,CV.CV.CV.CV,rebelde,Rɨ.ˈbɛɫ.dɨ,CV.CVC.CV,4,3
Recompensão,rekompensaːo,RV.TVR.TVR.SV.V,CV.CVC.CVC.CV.V,recompensar,Rɨ.kõ.pẽ.ˈsaɾ,CV.CVC.CV.CVC,5,4
Redá,redaː,RV.TV,CV.CV,arredar,ɐ.Rɨ.ˈdaɾ,V.CV.CVC,2,3
refencia,refensia,RV.TVR.SV.V,CV.CVC.CV.V,vingança,vĩ.ˈɡɐ̃.sɐ,CVC.CV.CV,4,3
Registração,red̠ʒistɾasaːo,RV.TVS.TRV.SV.V,CV.CVC.CCV.CV.V,registo,Rɨ.ˈʒiʃ.tu,CV.CVC.CV,5,3
Rendá,rendaː,RVR.TV,CVC.CV,arrendar,ɐ.Rẽ.ˈdaɾ,V.CV.CVC,2,3
Rependimento,rependimento,RV.TVR.TV.RVR.TV,CV.CVC.CV.CVC.CV,arrependimento,ɐ.Rɨ.pẽ.di.ˈmẽ.tu,V.CV.CV.CV.CV.CV,5,6
Repentação,repentasaːo,RV.TVR.TV.SV.V,CV.CVC.CV.CV.V,arrependimento,ɐ.Rɨ.pẽ.di.ˈmẽ.tu,V.CV.CV.CV.CV.CV,5,6
Requedação,rekedasaːo,RV.TV.TV.SV.V,CV.CV.CV.CV.V,arrecadação,ɐ.Rɨ.kɐ.dɐ.ˈsɐ̃w̃,V.CV.CV.CV.CVG,5,6
Respeitado,respeitado,RVS.TVG.TV.TV,CVC.CVG.CV.CV,respeitável,Rɨʃ.pɐj.ˈta.vɛɫ,CVC.CVC.CV.CVC,5,4
Rexinol,reʃinol,RV.TV.RVR,CV.CV.CVC,rouxinol,Row.si.ˈnɔɫ,CVG.CV.CVC,3,4
rezan,rezan,RV.SVR,CV.CVC,razão,Rɐ.ˈzɐ̃w̃,CV.CVG,2,3
Rubá,rubaː,RV.TV,CV.CV,roubar,Row.ˈbaɾ,CVG.CVC,2,3
ruvinação,ruʋinasaːo,RV.TV.RV.SV.V,CV.CV.CV.CV.V,ruína,ˈRwi.nɐ,CV.V.CV,5,3
Ruiná,ruinaː,RV.V.RV,CV.V.CV,arruinar,ɐ.Rwi.ˈnaɾ,V.CV.V.CVC,3,4
ruviná,ruʋinaː,RV.TV.RV,CV.CV.CV,arruinar,ɐ.Rwi.ˈnaɾ,V.CV.V.CVC,3,4
sabroso,sabɾozo,SV.TRV.SV,CV.CCV.CV,saboroso,sɐ.bu.ˈɾo.zu,CV.CV.CV.CV,3,4
Sandê,sandeː,SVR.TV,CVC.CV,acender,ɐ.sẽ.ˈdeɾ,V.CV.CVC,2,3
sandà,sandaː,SVR.TV,CVC.CV,acender,ɐ.sẽ.ˈdeɾ,V.CV.CVC,2,3
Satisfazido,satisfazido,SV.TVS.TV.SV.TV,CV.CVC.CV.CV.CV,satisfeito,sɐ.tiʃ.ˈfɐj.tu,CV.CVC.CVC.CV,5,4
saudo-dia,saudo dia,SVG.TV TV.V,CVG.CV CV.V,sábado,ˈsa.bɐ.du,CV.CV.CV,5,3
Seguradomente,seguɾadomente,SV.TV.RV.TV.RVR.TV,CV.CV.CV.CV.CVC.CV,seguramente,sɨ.ɡu.ɾɐ.ˈmẽ.tɨ,CV.CV.CV.CV.CV,6,5
Seisenta,seizenta,SVG.SVR.TV,CVG.CVC.CV,sessenta,sɨ.ˈsẽ.tɐ,CV.CV.CV,4,3
Seite,seite,SVG.TV,CVG.CV,sete,ˈsɛ.tɨ,CV.CV,3,2
Semalhança,semaʎansa,SV.RVRVR.SV,CV.CVCVC.CV,semelhança,sɨ.mɨ.ˈʎɐ̃.sɐ,CV.CV.CV.CV,3,4
semeIhancè,semeianseː,SV.RVG.VR.SV,CV.CVG.VC.CV,semelhança,sɨ.mɨ.ˈʎɐ̃.sɐ,CV.CV.CV.CV,5,4
Senan,senan,SV.RVR,CV.CVC,senão,sɨ.ˈnɐ̃w̃,CV.CVG,2,3
Sentencia,sentensia,SVR.TVR.SV.V,CVC.CVC.CV.V,sentença,sẽ.ˈtẽ.sɐ,CV.CV.CV,4,3
Serioso,seɾiozo,SV.RV.V.SV,CV.CV.V.CV,sério,ˈsɛ.ɾju,CV.CCV,4,2
Sinhárè,siɲaːɾeː,SV.RVRV,CV.CVCV,senhora,sɨ.ˈɲo.ɾɐ,CV.CV.CV,2,3
Siome,siome,SV.V.RV,CV.V.CV,ciúme,ˈsju.mɨ,CCV.CV,3,2
Sistê,sisteː,SVS.TV,CVC.CV,assistir,ɐ.siʃ.ˈtiɾ,V.CVC.CVC,2,3
Sociadade,sosiadade,SV.SV.V.TV.TV,CV.CV.V.CV.CV,sociedade,su.sjɐ.ˈda.dɨ,CV.CCV.CV.CV,5,4
Soitâ,sojtaː,SVR.TV,CVC.CV,açoitar,ɐ.soj.ˈtaɾ,V.CVC.CVC,2,3
Sonento,sonento,SV.RVR.TV,CV.CVC.CV,sonolento,su.nu.ˈlẽ.tu,CV.CV.CV.CV,3,4
soubê,soubeː,SVG.TV,CVG.CV,subir,su.ˈbiɾ,CV.CVC,3,2
Súcar,suːkaɾ,SV.TVR,CV.CVC,açúcar,ɐ.ˈsu.kɐɾ,V.CV.CVC,2,3
Sujaza,sud̠ʒaza,SV.TV.SV,CV.CV.CV,sujidade,su.ʒi.ˈda.dɨ,CV.CV.CV.CV,3,4
Sumana,sumana,SV.RVRV,CV.CVCV,semana,sɨ.ˈmɐ.nɐ,CV.CV.CV,2,3
sumanè,sumaneː,SV.RVRV,CV.CVCV,semana,sɨ.ˈmɐ.nɐ,CV.CV.CV,2,3
Tirnia,tiɾnia,TVR.RV.V,CVC.CV.V,tirania,ti.ɾɐ.ˈni.ɐ,CV.CV.CV.V,3,4
Topàz,topaːs,TV.TVS,CV.CVC,topázio,tu.ˈpa.zju,CV.CV.CCV,2,3
Trahido,tɾaido,TRV.V.TV,CCV.V.CV,distraído,diʃ.tɾɐ.ˈi.du,CVC.CCV.V.CV,3,4
traveliá,tɾaʋeliaː,TRV.TV.RV.V,CCV.CV.CV.V,trabalhar,tɾɐ.bɐ.ˈʎaɾ,CCV.CV.CVC,4,3
arrevezado,areʋezado,V.RV.TV.SV.TV,V.CV.CV.CV.CV,depravado,dɨ.pɾɐ.ˈva.du,CV.CCV.CV.CV,5,4
Tribulá,tɾibulaː,TRV.TV.RV,CCV.CV.CV,atribular,ɐ.tɾi.bu.ˈlaɾ,V.CCV.CV.CVC,3,4
Trinidade,tɾinidade,TRV.RV.TV.TV,CCV.CV.CV.CV,trindade,tɾĩ.ˈda.dɨ,CCVC.CV.CV,4,3
Triompliante,tɾiompliante,TRV.VR.TRV.VR.TV,CCV.VC.CCV.VC.CV,triunfante,tɾi.ũ.ˈfɐ̃.tɨ,CCV.VC.CV.CV,5,4
Trova,tɾoʋa,TRV.TV,CCV.CV,trovejar,tɾu.vɨ.ˈʒaɾ,CCV.CV.CVC,2,3
truvá,tɾuʋaː,TRV.TV,CCV.CV,trovejar,tɾu.vɨ.ˈʒaɾ,CCV.CV.CVC,2,3
Trocamento,tɾokamento,TRV.TV.RVR.TV,CCV.CV.CVC.CV,troca,ˈtɾɔ.kɐ,CCV.CV,4,2
Trusamento,tɾuzamento,TRV.SV.RVR.TV,CCV.CV.CVC.CV,disenteria,di.zẽ.tɨ.ˈɾi.ɐ,CV.CV.CV.CV.V,4,5
Ungiá,und̠ʒiaː,VR.TV.V,VC.CV.V,ungir,ũ.ˈʒiɾ,VC.CVC,3,2
Urvis,uɾʋis,VR.TVS,VC.CVC,ourives,ow.ˈɾi.vɨʃ,VG.CV.CVC,2,4
Valiá,ʋaliaː,TV.RV.V,CV.CV.V,avaliar,ɐ.vɐ.ˈli.aɾ,V.CV.CV.VC,3,4
Vatti,ʋatːi,TV.TV,CV.CV,açafate,ɐ.sɐ.ˈfa.tɨ,V.CV.CV.CV,2,4
Verdedeiro,ʋeɾdedeiɾo,TVR.TV.TVG.RV,CVC.CV.CVG.CV,verdadeiro,vɨɾ.dɐ.ˈdɐj.ɾu,CVC.CV.CVC.CV,5,4
Vésper,ʋeːspeɾ,TVS.TVR,CVC.CVC,véspera,ˈvɛʃ.pɨ.ɾɐ,CVC.CV.CV,2,3
Vido,ʋido,TV.TV,CV.CV,ver,ˈveɾ,CVC,2,1
Vigil,ʋid̠ʒil,TV.TVR,CV.CVC,vigília,vi.ˈʒi.ljɐ,CV.CV.CCV,2,3
vintroso,ʋintɾozo,TVR.TRV.SV,CVC.CCV.CV,venturoso,vẽ.tu.ˈɾo.zu,CV.CV.CV.CV,3,4
